{"eryhc": -79, "dunxn": 0.9050442479493153, "eukvf": false, "sawvu": true, "fhxlv": 0.6448881033696016, "frgtv": -88, "mehbm": true, "txbqy": -9, "cytzv": 0.9884310469771893, "sailo": false, "etdru": 76, "nwdxu": 0.039289514744805576, "nqnfj": 0.8960966547935583, "hmtnv": 6, "xkana": false, "quutq": true, "qvzmk": true}